name,Date
209.234.142.6,12/07/2020
12.104.143.29,12/07/2020
12.12.78.2,12/07/2020
134.197.137.200,12/07/2020
162.30.48.166,12/07/2020
208.68.22.250,12/07/2020
216.174.218.98,12/07/2020
208.94.87.125,12/07/2020
66.225.14.98,12/07/2020
CPMC,12/07/2020
168.215.226.2,12/07/2020
66.194.65.234,12/07/2020
SSLClientProfile,12/07/2020
207.109.247.51,12/07/2020
50.39.0.130,12/07/2020
107.1.45.4,12/07/2020
66.119.212.98,12/07/2020
50.120.30.194,12/07/2020
76.75.7.89,12/07/2020
71.94.42.243,12/07/2020
209.193.24.253,12/07/2020
66.102.228.179,12/07/2020
206.169.131.26,12/07/2020
65.74.17.2,12/07/2020
67.137.255.60,12/07/2020
65.152.20.190,12/07/2020
206.210.160.11,12/07/2020
65.122.123.138,12/07/2020
24.237.226.215,12/07/2020
24.237.226.194,12/07/2020
187.23.240.37,12/07/2020
50.120.30.34,12/07/2020
24.237.175.34,12/07/2020
66.2.53.130,12/07/2020
155.99.68.26,12/07/2020
216.220.8.178,12/07/2020
65.120.179.226,12/07/2020
216.147.175.196,12/07/2020
184.12.5.90,12/07/2020
12.3.34.85,12/07/2020
69.146.11.34,12/07/2020
63.147.23.226,12/07/2020
66.195.187.98,12/07/2020
12.69.31.70,12/07/2020
66.165.56.194,12/07/2020
216.14.248.74,12/07/2020
216.67.95.98,12/07/2020
107.0.137.98,12/07/2020
216.54.236.201,12/07/2020
72.164.128.190,12/07/2020
184.23.240.37,12/07/2020
67.53.107.66,12/07/2020
208.123.133.234,12/07/2020
216.3.156.66,12/07/2020
64.184.170.110,12/07/2020
64.245.48.164,12/07/2020
69.55.45.169,12/07/2020
216.147.160.69,12/07/2020
64.184.153.155,12/07/2020
206.11.107.130,12/07/2020
8.18.225.7,12/07/2020
74.203.56.2,12/07/2020
216.139.127.97,12/07/2020
70.88.179.193,12/07/2020
199.59.223.2,12/07/2020
198.68.233.66,12/07/2020
64.219.238.131,12/07/2020
50.115.65.218,12/07/2020
209.165.163.34,12/07/2020
71.92.133.226,12/07/2020
162.252.89.146,12/07/2020
12.160.119.98,12/07/2020
199.91.236.100,12/07/2020
66.213.179.236,12/07/2020
66.172.122.249,12/07/2020
ipsec-attributes,12/07/2020
69.54.33.61,12/07/2020
206.169.170.10,12/07/2020
67.230.209.194,12/07/2020
199.192.127.108,12/07/2020
67.230.209.98,12/07/2020
74.203.59.130,12/07/2020
97.65.96.66,12/07/2020
199.96.232.11,12/07/2020
71.13.128.98,12/07/2020
66.169.254.126,12/07/2020
66.172.112.66,12/07/2020
173.185.150.227,12/07/2020
24.117.238.52,12/07/2020
198.185.135.137,12/07/2020
208.67.100.233,12/07/2020
67.212.220.210,12/07/2020
75.130.10.194,12/07/2020
66.119.22.226,12/07/2020
64.184.153.194,12/07/2020
74.117.49.5,12/07/2020
12.51.104.162,12/07/2020
63.238.212.210,12/07/2020
216.67.101.218,12/07/2020
50.54.161.253,12/07/2020
173.225.85.254,12/07/2020
170.232.231.10,12/07/2020
12.37.168.196,12/07/2020
64.184.136.116,12/07/2020
12.133.220.200,12/07/2020
69.85.203.98,12/07/2020
50.224.246.102,12/07/2020
50.201.139.178,12/07/2020
76.10.98.133,12/07/2020
172.76.8.82,12/07/2020
12.250.218.90,12/07/2020
70.150.191.11,12/07/2020
67.198.28.98,12/07/2020
66.222.98.34,12/07/2020
64.172.142.33,12/07/2020
130.250.1.148,12/07/2020
24.101.25.50,12/07/2020
12.152.62.163,12/07/2020
50.197.83.18,12/07/2020
216.98.94.174,12/07/2020
66.35.2.211,12/07/2020
12.192.204.98,12/07/2020
66.113.43.230,12/07/2020
158.93.6.44,12/07/2020
50.239.68.90,12/07/2020
12.28.87.162,12/07/2020
24.199.235.98,12/07/2020
24.52.160.74,12/07/2020
40.132.28.107,12/07/2020
170.173.0.115,12/07/2020
206.74.50.133,12/07/2020
64.187.194.35,12/07/2020
207.5.81.194,12/07/2020
12.220.12.163,12/07/2020
132.239.11.5,12/07/2020
198.105.48.201,12/07/2020
74.115.70.119,12/07/2020
104.222.48.39,12/07/2020
209.221.33.16,12/07/2020
173.186.120.242,12/07/2020
198.73.255.211,12/07/2020
24.223.95.66,12/07/2020
24.237.187.210,12/07/2020
50.236.236.74,12/07/2020
66.223.249.253,12/07/2020
69.7.188.84,12/07/2020
66.119.97.194,12/07/2020
75.144.30.213,12/07/2020
64.39.150.74,12/07/2020
63.157.208.162,12/07/2020
66.76.200.2,12/07/2020
24.237.114.130,12/07/2020
207.140.198.130,12/07/2020
38.141.26.142,12/07/2020
209.216.165.24,12/07/2020
12.229.56.82,12/07/2020
74.124.122.178,12/07/2020
134.197.228.251,12/07/2020
63.144.199.150,12/07/2020
